subject,city,avg_sunday_holiday_rides,month_beginning,routename,monthtotal,avg_weekday_rides,avg_saturday_rides,route
https://data.cityofchicago.org/resource/bynn-gwxy/row-neix~5595-8guc,Chicago,167.1,2001-03-01,Soldier Field Express,501,0.0,0.0,128
https://data.cityofchicago.org/resource/bynn-gwxy/row-u9vf-whsq-bi9h,Chicago,5453.1,2001-04-01,Archer,379009,15266.9,7784.5,62
https://data.cityofchicago.org/resource/bynn-gwxy/row-g4cd_957u~kvzu,Chicago,9257.3,2001-03-01,Halsted,553054,20442.8,13256.7,8
https://data.cityofchicago.org/resource/bynn-gwxy/row-5net-eivk_dqu5,Chicago,10462.2,2001-01-01,Clark,577386,21206.2,14634.5,22
https://data.cityofchicago.org/resource/bynn-gwxy/row-7b6i-565k~6tsu,Chicago,1211.3,2001-04-01,Lincoln/Sedgwick,93440,3794.3,1926.0,11
https://data.cityofchicago.org/resource/bynn-gwxy/row-pwk2~q7e7-rbqh,Chicago,3791.9,2001-03-01,Devon,210621,7675.1,5320.0,155
https://data.cityofchicago.org/resource/bynn-gwxy/row-wvqm-fv9x-n9an,Chicago,7471.6,2001-04-01,67th-69th-71st,381072,14450.2,10065.0,67
https://data.cityofchicago.org/resource/bynn-gwxy/row-44c4_rjaa_gjzr,Chicago,0.0,2001-03-01,West Loop/South Loop,18050,820.5,0.0,129
https://data.cityofchicago.org/resource/bynn-gwxy/row-ius8.nvm9_zt54,Chicago,6419.1,2001-03-01,Fullerton,369482,13118.1,11041.7,74
https://data.cityofchicago.org/resource/bynn-gwxy/row-hk5r-s9pa-rtce,Chicago,320.2,2001-02-01,U. of Chicago/Hyde Park,20728,918.1,271.3,171
https://data.cityofchicago.org/resource/bynn-gwxy/row-u96e_8quw~dxmg,Chicago,0.0,2001-04-01,South Damen,23132,1101.5,0.0,48
https://data.cityofchicago.org/resource/bynn-gwxy/row-4az5-n6e3_9zyd,Chicago,0.0,2001-02-01,Cumberland/East River,8858,466.2,0.0,69
https://data.cityofchicago.org/resource/bynn-gwxy/row-pmyj-k82s~dpaw,Chicago,1170.9,2001-04-01,West 103rd,85256,3412.3,1936.0,103
https://data.cityofchicago.org/resource/bynn-gwxy/row-6pk2~iyqg_hfqx,Chicago,5214.9,2001-03-01,Central,368735,13872.6,8535.9,85
https://data.cityofchicago.org/resource/bynn-gwxy/row-jxkn~q4j5~3qnp,Chicago,0.0,2001-01-01,West Loop/South Loop,17439,792.7,0.0,129
https://data.cityofchicago.org/resource/bynn-gwxy/row-fvkv_5din_gv9c,Chicago,11831.8,2001-04-01,Clark,596848,22428.9,16670.5,22
https://data.cityofchicago.org/resource/bynn-gwxy/row-5b2f.kada~jn6w,Chicago,0.0,2001-03-01,California/Dodge,57701,2351.2,1194.8,93
https://data.cityofchicago.org/resource/bynn-gwxy/row-4hxx.u6am~qbd9,Chicago,404.8,2001-04-01,West 63rd,53696,2293.3,878.4,63W
https://data.cityofchicago.org/resource/bynn-gwxy/row-6vh8~mup9.rv77,Chicago,0.0,2001-04-01,Wentworth,90671,4317.6,0.0,24
https://data.cityofchicago.org/resource/bynn-gwxy/row-3wv3.dfwu-3kvz,Chicago,2485.4,2001-04-01,35th,155563,6111.6,3698.0,35
https://data.cityofchicago.org/resource/bynn-gwxy/row-parw.zibv-pkva,Chicago,10170.6,2001-04-01,Pulaski,548856,20936.2,14585.9,53
https://data.cityofchicago.org/resource/bynn-gwxy/row-2msg~gism_ig33,Chicago,286.5,2001-01-01,Northwest Highway,38614,1579.5,608.1,68
https://data.cityofchicago.org/resource/bynn-gwxy/row-rcda-wu2f-9h7z,Chicago,12432.2,2001-01-01,Western,666662,23732.1,20598.9,49
https://data.cityofchicago.org/resource/bynn-gwxy/row-kipp~q55t~mikw,Chicago,254.6,2001-01-01,U. of Chicago/Lakeview Express,9088,253.0,562.1,173
https://data.cityofchicago.org/resource/bynn-gwxy/row-8bnx~3gbv~yiis,Chicago,11108.6,2001-02-01,Clark,540279,21849.7,14712.5,22
https://data.cityofchicago.org/resource/bynn-gwxy/row-tnwk~vv7r-uw6e,Chicago,7245.6,2001-02-01,Kimball-Homan,500916,21175.6,12105.2,82
https://data.cityofchicago.org/resource/bynn-gwxy/row-smw9.y9d9~25f7,Chicago,1957.5,2001-03-01,Grand,180298,7000.3,3692.4,65
https://data.cityofchicago.org/resource/bynn-gwxy/row-9pi9_fe3a.w4rw,Chicago,0.0,2001-03-01,Narragansett/Ridgeland,43364,1971.1,0.0,86
https://data.cityofchicago.org/resource/bynn-gwxy/row-vxqb~ahss~j6d7,Chicago,4691.0,2001-01-01,Roosevelt,288055,10763.5,6950.6,12
https://data.cityofchicago.org/resource/bynn-gwxy/row-zx5c_tqz7-uqmh,Chicago,707.4,2001-03-01,South Chicago,106308,4203.3,2201.1,30
https://data.cityofchicago.org/resource/bynn-gwxy/row-sqd3.annc~tdqq,Chicago,6310.6,2001-01-01,Blue Island/26th,366761,13431.4,9929.4,60
https://data.cityofchicago.org/resource/bynn-gwxy/row-qa9p.mxh4-esj4,Chicago,2486.8,2001-02-01,South Deering,139294,5805.5,3309.5,27
https://data.cityofchicago.org/resource/bynn-gwxy/row-ij65~wf88.n55q,Chicago,5326.3,2001-02-01,Irving Park,291736,11989.0,7662.9,80
https://data.cityofchicago.org/resource/bynn-gwxy/row-5ixm_m5ds_b7hu,Chicago,0.0,2001-03-01,Westchester,12716,578.0,0.0,17
https://data.cityofchicago.org/resource/bynn-gwxy/row-h2kb.542k.vqxc,Chicago,0.0,2001-03-01,Water Tower Express,48866,2221.2,0.0,125
https://data.cityofchicago.org/resource/bynn-gwxy/row-nf9j_ij5s~ckss,Chicago,644.9,2001-03-01,United Center Express,22537,983.3,2112.2,19
https://data.cityofchicago.org/resource/bynn-gwxy/row-ihj7.e3c8.b5jn,Chicago,9137.5,2001-03-01,State,492091,17732.8,13083.9,29
https://data.cityofchicago.org/resource/bynn-gwxy/row-jy87.rsbi_2cf9,Chicago,0.0,2001-04-01,Indiana/Hyde Park,144377,6875.1,0.0,1
https://data.cityofchicago.org/resource/bynn-gwxy/row-2x9y_wvx7.izvq,Chicago,0.0,2001-02-01,Ogilvie/Wacker Express,12496,624.8,0.0,120
https://data.cityofchicago.org/resource/bynn-gwxy/row-kc4x.u5a8-y5vk,Chicago,6495.9,2001-01-01,Garfield,350112,12778.5,9126.4,55
https://data.cityofchicago.org/resource/bynn-gwxy/row-fif8~29k7~gypj,Chicago,0.0,2001-02-01,59th/61st,100781,4593.0,2230.1,59
https://data.cityofchicago.org/resource/bynn-gwxy/row-nn72-qsth~dmqp,Chicago,0.0,2001-02-01,Streeterville/Taylor,65581,3279.0,0.0,157
https://data.cityofchicago.org/resource/bynn-gwxy/row-i9na~b3j3.u8vy,Chicago,286.1,2001-02-01,United Center Express,6903,295.5,331.3,19
https://data.cityofchicago.org/resource/bynn-gwxy/row-8wit~7xu7.9bwt,Chicago,0.0,2001-04-01,Foster-Canfield,5112,243.4,0.0,64
https://data.cityofchicago.org/resource/bynn-gwxy/row-ns4x-c6ai.9a6e,Chicago,0.0,2001-04-01,Ogilvie/Wacker Express,23832,1134.8,0.0,120
https://data.cityofchicago.org/resource/bynn-gwxy/row-qvun.ajyr.pnhn,Chicago,618.7,2001-02-01,16th/18th,47570,2075.4,896.8,18
https://data.cityofchicago.org/resource/bynn-gwxy/row-vt69-6trg_mf96,Chicago,15336.1,2001-01-01,Ashland,811006,29265.4,22621.7,9
https://data.cityofchicago.org/resource/bynn-gwxy/row-kt3q-4exu-i2b9,Chicago,56.8,2001-02-01,U. of Chicago/Kenwood,19198,933.5,75.1,172
https://data.cityofchicago.org/resource/bynn-gwxy/row-pgys.e6p3.zei7,Chicago,7379.1,2001-04-01,Milwaukee,411141,15910.2,10032.7,56
https://data.cityofchicago.org/resource/bynn-gwxy/row-f8m7.a4jj-equ9,Chicago,2062.4,2001-01-01,Pullman/111th/115th,157849,6074.4,3474.9,111
https://data.cityofchicago.org/resource/bynn-gwxy/row-xypj-p4yp-xi5q,Chicago,378.2,2001-01-01,West 63rd,53094,2196.4,720.5,63W
https://data.cityofchicago.org/resource/bynn-gwxy/row-6tpf.d8bi.xuf3,Chicago,362.2,2001-04-01,West Lawrence,37709,1535.7,911.9,81W
https://data.cityofchicago.org/resource/bynn-gwxy/row-yvda.hjnr~5g7h,Chicago,2470.1,2001-01-01,Damen,213128,8322.7,4419.7,50
https://data.cityofchicago.org/resource/bynn-gwxy/row-ky4b.iskc~dmrk,Chicago,2728.1,2001-04-01,Foster,188392,7459.4,4526.3,92
https://data.cityofchicago.org/resource/bynn-gwxy/row-cuyi.q936-c7ha,Chicago,13393.1,2001-03-01,Sheridan,692384,25366.7,16148.9,151
https://data.cityofchicago.org/resource/bynn-gwxy/row-zwg4_4cd5.jnfb,Chicago,710.8,2001-03-01,16th/18th,45533,1717.8,979.8,18
https://data.cityofchicago.org/resource/bynn-gwxy/row-m5y4~6gre.wn83,Chicago,0.0,2001-01-01,Lunt,29550,1343.2,0.0,96
https://data.cityofchicago.org/resource/bynn-gwxy/row-n7rv.v26v_rdse,Chicago,0.0,2001-03-01,Illinois Center/Ogilvie Express,24038,1092.6,0.0,122
https://data.cityofchicago.org/resource/bynn-gwxy/row-47pv.diff~faug,Chicago,9602.4,2001-04-01,Broadway,418491,15016.9,13780.9,36
https://data.cityofchicago.org/resource/bynn-gwxy/row-asw3.prwm.euug,Chicago,9019.4,2001-03-01,Broadway,452183,15571.8,14705.2,36
https://data.cityofchicago.org/resource/bynn-gwxy/row-pke9.pyp3_kps6,Chicago,5587.8,2001-01-01,Stony Island,336246,11964.9,11269.6,28
https://data.cityofchicago.org/resource/bynn-gwxy/row-ve5w~egz4.8cn5,Chicago,650.2,2001-02-01,Laramie,69836,3077.0,1423.8,57
https://data.cityofchicago.org/resource/bynn-gwxy/row-id4h-h8cn~wmy6,Chicago,9045.4,2001-04-01,Madison,546252,21244.5,13722.4,20
https://data.cityofchicago.org/resource/bynn-gwxy/row-9yz9~pedp~u98s,Chicago,12930.8,2001-04-01,63rd,583672,21416.6,17317.6,63
https://data.cityofchicago.org/resource/bynn-gwxy/row-jmjd.d7d6~xbae,Chicago,1145.6,2001-01-01,Peterson,111265,4357.5,2418.1,84
https://data.cityofchicago.org/resource/bynn-gwxy/row-nrii_zmxr-szx9,Chicago,1088.1,2001-03-01,Lincoln/Sedgwick,95692,3725.6,1875.1,11
https://data.cityofchicago.org/resource/bynn-gwxy/row-defe.x5yz-78dy,Chicago,6677.5,2001-02-01,Cicero,323328,13016.8,9070.8,54
https://data.cityofchicago.org/resource/bynn-gwxy/row-8a82~4gqe~ignm,Chicago,7025.6,2001-01-01,67th-69th-71st,387336,14219.5,9844.6,67
https://data.cityofchicago.org/resource/bynn-gwxy/row-kc5n_cnck.eea5,Chicago,9281.7,2001-04-01,Halsted,516791,19911.5,13060.0,8
https://data.cityofchicago.org/resource/bynn-gwxy/row-4iy3~qkea-miu5,Chicago,0.0,2001-01-01,Narragansett/Ridgeland,40287,1831.2,0.0,86
https://data.cityofchicago.org/resource/bynn-gwxy/row-39zk_is6c_78cm,Chicago,6835.8,2001-03-01,Blue Island/26th,405256,14751.9,10674.1,60
https://data.cityofchicago.org/resource/bynn-gwxy/row-iwwq-mirn-6igd,Chicago,10136.2,2001-02-01,King Drive,564037,23226.0,14743.0,3
https://data.cityofchicago.org/resource/bynn-gwxy/row-66wp-jpae~6piw,Chicago,6745.8,2001-01-01,Kimball-Homan,511235,19622.7,11451.6,82
https://data.cityofchicago.org/resource/bynn-gwxy/row-g8i7.q7ge_dpdz,Chicago,3095.5,2001-03-01,West 95th,156267,5292.0,5492.3,95W
https://data.cityofchicago.org/resource/bynn-gwxy/row-gixz.rxzk.ru9c,Chicago,4215.2,2001-03-01,South Michigan,231390,8338.0,6218.6,34
https://data.cityofchicago.org/resource/bynn-gwxy/row-gekv~mk3d_4f4m,Chicago,0.0,2001-04-01,North Cicero/Skokie Blvd.,27979,1332.3,0.0,54A
https://data.cityofchicago.org/resource/bynn-gwxy/row-jrvs.ymiu-qggn,Chicago,16737.1,2001-02-01,79th,805623,32205.8,23639.8,79
https://data.cityofchicago.org/resource/bynn-gwxy/row-gtry_x3u6_qqzg,Chicago,0.0,2001-02-01,Outer Drive Express,203852,9123.0,5347.7,147
https://data.cityofchicago.org/resource/bynn-gwxy/row-iidn-a87j.9wkv,Chicago,5571.5,2001-01-01,87th,415524,15732.2,10389.7,87
https://data.cityofchicago.org/resource/bynn-gwxy/row-hk4f_5zsu.qjk9,Chicago,3438.3,2001-03-01,71st/South Shore,203634,7310.8,5808.5,71
https://data.cityofchicago.org/resource/bynn-gwxy/row-awkn~vfne~ymmg,Chicago,0.0,2001-02-01,Pershing,44859,2242.9,0.0,39
https://data.cityofchicago.org/resource/bynn-gwxy/row-csjy-nkdd.frse,Chicago,4667.4,2001-01-01,Archer,379135,14926.0,6856.3,62
https://data.cityofchicago.org/resource/bynn-gwxy/row-zh22~a3jq.fjcn,Chicago,5694.7,2001-04-01,Roosevelt,279647,10568.6,7308.0,12
https://data.cityofchicago.org/resource/bynn-gwxy/row-iz8e.7jtg.9r3n,Chicago,337.6,2001-01-01,West Lawrence,39738,1577.3,837.2,81W
https://data.cityofchicago.org/resource/bynn-gwxy/row-kyhd.6s85.gj6p,Chicago,0.0,2001-02-01,Narragansett/Ridgeland,43741,2187.0,0.0,86
https://data.cityofchicago.org/resource/bynn-gwxy/row-ujc2_qjbv-jjwi,Chicago,732.2,2001-04-01,16th/18th,43079,1685.9,1003.6,18
https://data.cityofchicago.org/resource/bynn-gwxy/row-suuw-ipda.8e9h,Chicago,1810.1,2001-01-01,35th,153931,5977.7,3342.5,35
https://data.cityofchicago.org/resource/bynn-gwxy/row-dj2p_ay4z_j63d,Chicago,6120.1,2001-04-01,Kedzie/California,324477,12301.4,8886.6,52
https://data.cityofchicago.org/resource/bynn-gwxy/row-y5m2_bnef.zavi,Chicago,0.0,2001-01-01,Streeterville/Taylor,72933,3315.2,0.0,157
https://data.cityofchicago.org/resource/bynn-gwxy/row-5s26~hsgn-9iyq,Chicago,2187.6,2001-03-01,South Kedzie,169595,6445.2,3810.1,52A
https://data.cityofchicago.org/resource/bynn-gwxy/row-cbrr-bm4n_n53b,Chicago,0.0,2001-04-01,Pershing,46837,2230.3,0.0,39
https://data.cityofchicago.org/resource/bynn-gwxy/row-avnd.adqm-x79h,Chicago,0.0,2001-02-01,Sedgwick,51866,2593.3,0.0,37
https://data.cityofchicago.org/resource/bynn-gwxy/row-g7yp_s8gr_aetb,Chicago,7509.4,2001-04-01,Jackson Park Express,471177,18238.5,12655.7,6
https://data.cityofchicago.org/resource/bynn-gwxy/row-d6xm.t6pd_8t32,Chicago,305.9,2001-04-01,United Center Express,4109,466.2,860.7,19
https://data.cityofchicago.org/resource/bynn-gwxy/row-s47i~gpk7-mby5,Chicago,5414.0,2001-03-01,Division,303846,11037.6,7872.4,70
https://data.cityofchicago.org/resource/bynn-gwxy/row-24er.mdbf.exxi,Chicago,1372.4,2001-01-01,Armitage,127491,4994.3,2688.6,73
https://data.cityofchicago.org/resource/bynn-gwxy/row-c3ft.7zp3.wphb,Chicago,2860.6,2001-04-01,Michigan/119th,149661,5447.5,5239.8,119
https://data.cityofchicago.org/resource/bynn-gwxy/row-fcke.4bdy~b34n,Chicago,0.0,2001-01-01,Foster-Canfield,7419,337.2,0.0,64
https://data.cityofchicago.org/resource/bynn-gwxy/row-zmsr~tprf_y8tx,Chicago,46.6,2001-01-01,U. of Chicago/Kenwood,20116,890.2,74.4,172
https://data.cityofchicago.org/resource/bynn-gwxy/row-xvq2~v7p7.vqi4,Chicago,6465.1,2001-04-01,Cermak,226926,7623.9,8625.0,21
https://data.cityofchicago.org/resource/bynn-gwxy/row-n2u5-46fp~btpz,Chicago,0.0,2001-03-01,Cumberland/East River,9733,442.4,0.0,69
https://data.cityofchicago.org/resource/bynn-gwxy/row-nqve.gec3.pqka,Chicago,0.0,2001-01-01,Ridge/Grant,35053,1593.3,0.0,203
https://data.cityofchicago.org/resource/bynn-gwxy/row-967d~tev9~kjvs,Chicago,0.0,2001-02-01,Illinois Center/Ogilvie Express,21067,1053.4,0.0,122
https://data.cityofchicago.org/resource/bynn-gwxy/row-s4y5_c8td-cz6b,Chicago,1925.5,2001-01-01,South Kedzie,154232,5919.1,3596.1,52A
https://data.cityofchicago.org/resource/bynn-gwxy/row-gtej~3n5m_tzzd,Chicago,15573.7,2001-01-01,79th,833507,30018.4,23808.6,79
https://data.cityofchicago.org/resource/bynn-gwxy/row-dtw4.cx9r-cujz,Chicago,5583.1,2001-04-01,Diversey,369563,14598.5,8769.4,76
https://data.cityofchicago.org/resource/bynn-gwxy/row-px69~2725-zsyk,Chicago,0.0,2001-03-01,59th/61st,112201,4569.0,2336.7,59
https://data.cityofchicago.org/resource/bynn-gwxy/row-ige5-bnmt~kqis,Chicago,8943.3,2001-04-01,Lawrence,420979,15459.7,12902.1,81
https://data.cityofchicago.org/resource/bynn-gwxy/row-njis.hsnd_ac2w,Chicago,0.0,2001-01-01,Main/Emerson,10563,480.1,0.0,202
https://data.cityofchicago.org/resource/bynn-gwxy/row-3hnt-24ns.45rg,Chicago,0.0,2001-03-01,Madison/Roosevelt Circulator,3997,181.7,0.0,127
https://data.cityofchicago.org/resource/bynn-gwxy/row-qbvs-xy3q-yp6u,Chicago,0.0,2001-04-01,Cumberland/East River,8262,393.4,0.0,69
https://data.cityofchicago.org/resource/bynn-gwxy/row-ukyp~decf-pfuh,Chicago,0.0,2001-03-01,Dodge,37197,1690.8,0.0,204
https://data.cityofchicago.org/resource/bynn-gwxy/row-vw3q-vwk2~uutu,Chicago,1100.0,2001-02-01,Cermak Express,10639,0.0,1559.9,X21
https://data.cityofchicago.org/resource/bynn-gwxy/row-shpv.zsax.43kh,Chicago,0.0,2001-02-01,55th/Narragansett,23891,1162.0,162.8,55N
https://data.cityofchicago.org/resource/bynn-gwxy/row-vxhr-6atn_6j2u,Chicago,178.3,2001-01-01,U. of Chicago/Hyde Park,21573,864.9,413.2,171
https://data.cityofchicago.org/resource/bynn-gwxy/row-t3k8~b3bf~edu6,Chicago,9553.9,2001-04-01,Chicago,551821,21052.5,15487.3,66
https://data.cityofchicago.org/resource/bynn-gwxy/row-b7sy-shtu.nm2z,Chicago,0.0,2001-01-01,Halsted/95th,64417,2928.1,0.0,108
https://data.cityofchicago.org/resource/bynn-gwxy/row-edci.3jid.5u8f,Chicago,0.0,2001-02-01,Harrison,113688,5684.4,0.0,7
https://data.cityofchicago.org/resource/bynn-gwxy/row-ybte~8qwg_f4b3,Chicago,0.0,2001-01-01,Ogilvie/Wacker Express,13982,635.5,0.0,120
https://data.cityofchicago.org/resource/bynn-gwxy/row-vznv_h8w9-ccpk,Chicago,0.0,2001-01-01,Mag Mile Express,16944,770.2,0.0,33
https://data.cityofchicago.org/resource/bynn-gwxy/row-p3w4.5tex.z6vk,Chicago,0.0,2001-01-01,59th/61st,102622,4260.5,2222.6,59
https://data.cityofchicago.org/resource/bynn-gwxy/row-ymsu-bf8f.pxrs,Chicago,124.1,2001-03-01,U. of Chicago/Lakeview Express,6247,206.2,243.0,173
https://data.cityofchicago.org/resource/bynn-gwxy/row-tbn2_tvhy_hcu5,Chicago,427.3,2001-03-01,West 63rd,56594,2323.6,753.2,63W
https://data.cityofchicago.org/resource/bynn-gwxy/row-quke_3nxj~jkwa,Chicago,0.0,2001-03-01,Ridge/Grant,37416,1700.7,0.0,203
https://data.cityofchicago.org/resource/bynn-gwxy/row-as2e-rkgm.4xip,Chicago,0.0,2001-03-01,North Milwaukee,13941,633.7,0.0,56A
https://data.cityofchicago.org/resource/bynn-gwxy/row-zddu~uyqz~8qjz,Chicago,2091.9,2001-02-01,North Western,122332,5039.0,3296.3,49B
https://data.cityofchicago.org/resource/bynn-gwxy/row-h5uj.7m5s_urnr,Chicago,0.0,2001-03-01,Indiana/Hyde Park,166579,7571.8,0.0,1
https://data.cityofchicago.org/resource/bynn-gwxy/row-h3zu.psrj-ijx7,Chicago,3080.6,2001-02-01,74th-75th,178935,7381.3,4746.8,75
https://data.cityofchicago.org/resource/bynn-gwxy/row-5q42~nude.mdid,Chicago,0.0,2001-04-01,Union/Wacker Express,35715,1700.7,0.0,121
https://data.cityofchicago.org/resource/bynn-gwxy/row-7jtn_c2wf.ap3x,Chicago,1877.1,2001-02-01,South Kedzie,142769,6113.8,3246.1,52A
https://data.cityofchicago.org/resource/bynn-gwxy/row-i4px-grs7.p957,Chicago,6168.6,2001-02-01,87th,390526,16279.6,10064.7,87
https://data.cityofchicago.org/resource/bynn-gwxy/row-67vr-vxyv-p4dw,Chicago,0.0,2001-04-01,Jeffery Express,204237,9725.6,0.0,14
https://data.cityofchicago.org/resource/bynn-gwxy/row-aqvz~ktzz-syxn,Chicago,8339.9,2001-04-01,North,423154,15970.2,11519.9,72
https://data.cityofchicago.org/resource/bynn-gwxy/row-yug9-texr.9rdh,Chicago,0.0,2001-02-01,Western Express,113085,5654.3,0.0,X49
https://data.cityofchicago.org/resource/bynn-gwxy/row-jq8y.qpxr.q6hq,Chicago,5264.0,2001-01-01,Division,301077,11102.5,7625.8,70
https://data.cityofchicago.org/resource/bynn-gwxy/row-s2ep-9att~u32h,Chicago,1196.0,2001-03-01,West 103rd,98619,3883.1,1681.2,103
https://data.cityofchicago.org/resource/bynn-gwxy/row-ht2u~vuhr_4g5h,Chicago,3177.5,2001-02-01,Michigan/119th,141151,5484.8,4686.4,119
https://data.cityofchicago.org/resource/bynn-gwxy/row-zvtr_yq5u.bnc6,Chicago,0.0,2001-03-01,Lunt,28449,1293.1,0.0,96
https://data.cityofchicago.org/resource/bynn-gwxy/row-5w8c-icx8.tgpk,Chicago,0.0,2001-02-01,Ridge/Grant,36476,1823.8,0.0,203
https://data.cityofchicago.org/resource/bynn-gwxy/row-isri_hh8y_k4me,Chicago,5260.9,2001-02-01,Central,320389,13316.8,8252.3,85
https://data.cityofchicago.org/resource/bynn-gwxy/row-smad-5vnd-axgh,Chicago,1155.9,2001-02-01,West 103rd,87493,3852.0,1457.5,103
https://data.cityofchicago.org/resource/bynn-gwxy/row-9874.d9jb.y7v5,Chicago,0.0,2001-04-01,Mag Mile Express,13083,623.0,0.0,33
https://data.cityofchicago.org/resource/bynn-gwxy/row-6dz3-fji7-ene4,Chicago,1617.3,2001-04-01,Armitage,129844,5350.8,2348.0,73
https://data.cityofchicago.org/resource/bynn-gwxy/row-598b.a4qn.3gam,Chicago,9303.4,2001-04-01,State,461607,17241.6,13254.5,29
https://data.cityofchicago.org/resource/bynn-gwxy/row-5zry~i58d_9m96,Chicago,3213.3,2001-03-01,93rd-95th,167062,5881.4,4963.7,95E
https://data.cityofchicago.org/resource/bynn-gwxy/row-jasy-6id4_64cq,Chicago,8297.1,2001-04-01,Kimball-Homan,524259,20346.4,13874.5,82
https://data.cityofchicago.org/resource/bynn-gwxy/row-5ia4-cm68_5pd4,Chicago,1672.9,2001-03-01,South Pulaski,239686,9781.8,3558.8,53A
https://data.cityofchicago.org/resource/bynn-gwxy/row-vyiy_exkk~ax48,Chicago,1805.7,2001-01-01,Grand,169020,6695.3,3173.9,65
https://data.cityofchicago.org/resource/bynn-gwxy/row-whig_q2t7~4uhq,Chicago,0.0,2001-01-01,LaSalle,198859,9039.1,0.0,156
https://data.cityofchicago.org/resource/bynn-gwxy/row-m2ic_wb4v~v26v,Chicago,12524.6,2001-03-01,Western,688429,24336.2,20586.9,49
https://data.cityofchicago.org/resource/bynn-gwxy/row-vpaa-henb~4ci8,Chicago,7688.1,2001-03-01,North,442762,16133.3,11415.2,72
https://data.cityofchicago.org/resource/bynn-gwxy/row-kwty~swku~k7ga,Chicago,3580.5,2001-01-01,South Michigan,214933,7911.6,5744.2,34
https://data.cityofchicago.org/resource/bynn-gwxy/row-j9xf-dcxp_h98z,Chicago,424.3,2001-02-01,West 63rd,48975,2234.9,644.8,63W
https://data.cityofchicago.org/resource/bynn-gwxy/row-n7v7-z3jc~2pnw,Chicago,5552.8,2001-04-01,Central,336985,13056.0,8761.3,85
https://data.cityofchicago.org/resource/bynn-gwxy/row-9h3u.ckwh~wyjw,Chicago,0.0,2001-01-01,Sheridan/LaSalle Express,45218,2055.4,0.0,136
https://data.cityofchicago.org/resource/bynn-gwxy/row-t8hb~spm9~6qey,Chicago,0.0,2001-02-01,Indiana/Hyde Park,148028,7401.4,0.0,1
https://data.cityofchicago.org/resource/bynn-gwxy/row-v7ub.8w7d.huak,Chicago,8857.2,2001-02-01,State,433873,17481.6,12203.1,29
https://data.cityofchicago.org/resource/bynn-gwxy/row-cyjc~jqg8~ummz,Chicago,3093.9,2001-02-01,West 95th,138913,5348.8,4890.2,95W
https://data.cityofchicago.org/resource/bynn-gwxy/row-8txm.5tdw-bybz,Chicago,2243.8,2001-02-01,Pullman/111th/115th,151009,6361.6,3700.4,111
https://data.cityofchicago.org/resource/bynn-gwxy/row-5ytt-znxi-uzv3,Chicago,4642.1,2001-02-01,Archer,355110,15473.0,6770.3,62
https://data.cityofchicago.org/resource/bynn-gwxy/row-fp44.f8v4_qqze,Chicago,1669.7,2001-04-01,Wallace-Racine,156748,6475.3,3104.4,44
https://data.cityofchicago.org/resource/bynn-gwxy/row-p7sp_6uei.wgj8,Chicago,0.0,2001-04-01,North Harlem,9114,404.6,154.6,90N
https://data.cityofchicago.org/resource/bynn-gwxy/row-p97t.iefs~vuh7,Chicago,11694.7,2001-01-01,Sheridan,634324,23604.8,14136.3,151
https://data.cityofchicago.org/resource/bynn-gwxy/row-mkh8.5tbc.42cg,Chicago,2601.5,2001-04-01,Austin,204625,8288.6,4389.1,91
https://data.cityofchicago.org/resource/bynn-gwxy/row-5mgh-kpjy~q8sz,Chicago,0.0,2001-04-01,Lunt,24698,1176.1,0.0,96
https://data.cityofchicago.org/resource/bynn-gwxy/row-jjc4.u42j~g8tp,Chicago,0.0,2001-02-01,Water Tower Express,47699,2385.0,0.0,125
https://data.cityofchicago.org/resource/bynn-gwxy/row-mkim~xxqx.zhr6,Chicago,253.2,2001-03-01,U. of Chicago/Hyde Park,23436,948.2,312.5,171
https://data.cityofchicago.org/resource/bynn-gwxy/row-hysv-v2h3~iis6,Chicago,6289.6,2001-02-01,Milwaukee,355380,14732.9,8891.0,56
https://data.cityofchicago.org/resource/bynn-gwxy/row-52y2-mbh8_xhy8,Chicago,1419.2,2001-02-01,Armitage,120886,5320.6,2199.4,73
https://data.cityofchicago.org/resource/bynn-gwxy/row-fd5p~scmm~eqh6,Chicago,0.0,2001-04-01,South Western,8292,394.9,0.0,49A
https://data.cityofchicago.org/resource/bynn-gwxy/row-9tum~8tj5_cqxq,Chicago,4827.2,2001-01-01,Diversey,348404,13254.3,8168.3,76
https://data.cityofchicago.org/resource/bynn-gwxy/row-q8bb.8stg-e8rj,Chicago,0.0,2001-04-01,Harrison,111146,5292.7,0.0,7
https://data.cityofchicago.org/resource/bynn-gwxy/row-z2i5-2vw2-ui7m,Chicago,2753.9,2001-03-01,South Cicero,148677,5084.5,5160.6,54B
https://data.cityofchicago.org/resource/bynn-gwxy/row-d67p.3q82~t3i9,Chicago,1706.3,2001-02-01,Grand,156050,6868.3,2964.6,65
https://data.cityofchicago.org/resource/bynn-gwxy/row-5jdz.jbcm-ei35,Chicago,0.0,2001-01-01,South Western,7332,333.3,0.0,49A
https://data.cityofchicago.org/resource/bynn-gwxy/row-naa9~h7vj.k4aa,Chicago,10142.3,2001-03-01,Pulaski,612322,22336.2,16071.4,53
https://data.cityofchicago.org/resource/bynn-gwxy/row-4fhq~b2uk-r6hy,Chicago,8537.9,2001-01-01,State,451955,16328.2,12511.5,29
https://data.cityofchicago.org/resource/bynn-gwxy/row-jg8k_kdsf.7p5x,Chicago,2227.2,2001-04-01,Pullman/111th/115th,151193,5973.0,3655.8,111
https://data.cityofchicago.org/resource/bynn-gwxy/row-t339.wu48.fxnm,Chicago,3353.7,2001-02-01,Inner Drive/Michigan Express,220082,9206.2,5636.2,146
https://data.cityofchicago.org/resource/bynn-gwxy/row-i9ma-3t8d-e5f2,Chicago,1336.2,2001-01-01,South Halsted,89030,3196.5,3006.6,8A
https://data.cityofchicago.org/resource/bynn-gwxy/row-g462-7tvs-epi5,Chicago,5632.1,2001-02-01,Kedzie/California,303947,12412.4,8292.8,52
https://data.cityofchicago.org/resource/bynn-gwxy/row-gaij.ghrr~fenc,Chicago,3888.0,2001-02-01,Devon,182199,7303.0,5146.8,155
https://data.cityofchicago.org/resource/bynn-gwxy/row-6a8j~k2wm.yv5s,Chicago,2758.7,2001-04-01,South California,258577,10711.3,4961.7,94
https://data.cityofchicago.org/resource/bynn-gwxy/row-sskg.8f5q_kubz,Chicago,0.0,2001-02-01,North Cicero/Skokie Blvd.,27474,1373.7,0.0,54A
https://data.cityofchicago.org/resource/bynn-gwxy/row-f9zn~vwx6_karj,Chicago,965.9,2001-02-01,Vincennes/111th,89438,4003.7,1374.8,112
https://data.cityofchicago.org/resource/bynn-gwxy/row-ewf8~wzev_5f42,Chicago,3274.2,2001-01-01,Montrose,235297,8891.8,5826.3,78
https://data.cityofchicago.org/resource/bynn-gwxy/row-p77w-enxd.fyus,Chicago,11882.2,2001-03-01,63rd,636114,22720.8,17745.8,63
https://data.cityofchicago.org/resource/bynn-gwxy/row-xnv6.ivqj-88sz,Chicago,0.0,2001-01-01,Jeffery Express,186655,8484.3,0.0,14
https://data.cityofchicago.org/resource/bynn-gwxy/row-756z-vwqh_cwqa,Chicago,0.0,2001-01-01,69th-UPS Express,19704,885.9,53.7,169
https://data.cityofchicago.org/resource/bynn-gwxy/row-dhtx.mj9r-dr88,Chicago,2091.2,2001-03-01,North Western,138538,5150.2,3373.9,49B
https://data.cityofchicago.org/resource/bynn-gwxy/row-xd5d.atw9.59di,Chicago,0.0,2001-02-01,Archer/Harlem,31155,1447.2,552.9,62H
https://data.cityofchicago.org/resource/bynn-gwxy/row-yzhj_ifnc_uxmq,Chicago,511.2,2001-03-01,Cermak Express,7915,0.0,1174.0,X21
https://data.cityofchicago.org/resource/bynn-gwxy/row-hxku.hd4k~fg3s,Chicago,8979.5,2001-03-01,King Drive,617646,23081.6,14786.6,3
https://data.cityofchicago.org/resource/bynn-gwxy/row-6dvv.7f56_9ez5,Chicago,0.0,2001-04-01,Western Express,111517,5310.4,0.0,X49
https://data.cityofchicago.org/resource/bynn-gwxy/row-kwzh-wg6z-yhu7,Chicago,5978.7,2001-02-01,Stony Island,320893,12843.1,10029.1,28
https://data.cityofchicago.org/resource/bynn-gwxy/row-y6f4.c9t4~hfsb,Chicago,0.0,2001-03-01,Illinois Center/Union Express,16518,750.8,0.0,123
https://data.cityofchicago.org/resource/bynn-gwxy/row-i6jp~7swp-q4dg,Chicago,0.0,2001-01-01,Illinois Center/Union Express,19495,886.2,0.0,123
https://data.cityofchicago.org/resource/bynn-gwxy/row-r2my~57qj-4kdb,Chicago,0.0,2001-01-01,South Damen,24654,1120.6,0.0,48
https://data.cityofchicago.org/resource/bynn-gwxy/row-5ywf_xw78~h7d8,Chicago,0.0,2001-03-01,Archer/Harlem,35528,1454.0,708.1,62H
https://data.cityofchicago.org/resource/bynn-gwxy/row-yfvz.vd5g-rgr5,Chicago,6018.0,2001-03-01,Stony Island,365786,13173.1,10381.4,28
https://data.cityofchicago.org/resource/bynn-gwxy/row-kbfb_68r2~7ww6,Chicago,3175.5,2001-04-01,93rd-95th,154050,5712.1,4554.7,95E
https://data.cityofchicago.org/resource/bynn-gwxy/row-dpxc.qr5c.scwc,Chicago,8496.7,2001-03-01,Madison,601687,22559.6,14278.0,20
https://data.cityofchicago.org/resource/bynn-gwxy/row-rpw6.77ke.uc79,Chicago,922.7,2001-03-01,Vincennes/111th,100654,4067.3,1496.5,112
https://data.cityofchicago.org/resource/bynn-gwxy/row-xzxt-ndvd~axvs,Chicago,2606.7,2001-03-01,Foster,206363,7906.6,4398.3,92
https://data.cityofchicago.org/resource/bynn-gwxy/row-u7ux_7ec2-rt4d,Chicago,8920.7,2001-02-01,Belmont,502001,20885.2,12153.8,77
https://data.cityofchicago.org/resource/bynn-gwxy/row-vh8x~38n4-8tss,Chicago,5112.6,2001-01-01,Kedzie/California,313490,11592.4,8223.9,52
https://data.cityofchicago.org/resource/bynn-gwxy/row-wmqz~uz6r~q6e5,Chicago,0.0,2001-04-01,Hyde Park Express,16993,809.2,0.0,2
https://data.cityofchicago.org/resource/bynn-gwxy/row-38mv_wpr5-dqe7,Chicago,6194.3,2001-04-01,Irving Park,333407,12655.2,9169.1,80
https://data.cityofchicago.org/resource/bynn-gwxy/row-rgwk~5gb8~jsxn,Chicago,2287.1,2001-01-01,Addison,265503,10738.1,4457.2,152
https://data.cityofchicago.org/resource/bynn-gwxy/row-utau_xvge.b69n,Chicago,0.0,2001-03-01,North Central,19209,853.5,86.5,85A
https://data.cityofchicago.org/resource/bynn-gwxy/row-bdu6~9yfe.qbqw,Chicago,8143.2,2001-03-01,Lawrence,431828,15298.6,12536.9,81
https://data.cityofchicago.org/resource/bynn-gwxy/row-2426.47qc~6962,Chicago,0.0,2001-01-01,Archer/Harlem,33189,1392.2,640.0,62H
https://data.cityofchicago.org/resource/bynn-gwxy/row-r723-x4zx~z9hm,Chicago,0.0,2001-03-01,Foster-Canfield,5912,268.7,0.0,64
https://data.cityofchicago.org/resource/bynn-gwxy/row-vg88.jzp3_ajm5,Chicago,9369.9,2001-02-01,Pulaski,537359,22111.6,14411.7,53
https://data.cityofchicago.org/resource/bynn-gwxy/row-pybk.khi5_2y9c,Chicago,3809.4,2001-02-01,South Michigan,203824,8251.8,5887.7,34
https://data.cityofchicago.org/resource/bynn-gwxy/row-6ef7~scmr~ayye,Chicago,0.0,2001-01-01,Union/Wacker Express,26633,1210.6,0.0,121
https://data.cityofchicago.org/resource/bynn-gwxy/row-68ry~95hp_6fei,Chicago,341.8,2001-02-01,Central/Ridge,29896,1314.6,559.2,201
https://data.cityofchicago.org/resource/bynn-gwxy/row-3ym6-5msj.zcbv,Chicago,0.0,2001-02-01,Dodge,31565,1578.3,0.0,204
https://data.cityofchicago.org/resource/bynn-gwxy/row-4ath~s4y6-xp8e,Chicago,3106.5,2001-03-01,South California,277684,10912.0,5038.8,94
https://data.cityofchicago.org/resource/bynn-gwxy/row-bszv~ysju_p7t3,Chicago,0.0,2001-01-01,California/Dodge,53246,2228.0,1057.5,93
https://data.cityofchicago.org/resource/bynn-gwxy/row-7tjn_p85b_yyrr,Chicago,0.0,2001-04-01,Illinois Center/Ogilvie Express,21488,1023.2,0.0,122
https://data.cityofchicago.org/resource/bynn-gwxy/row-yetf-npx6.g7k3,Chicago,9374.7,2001-04-01,Belmont,527712,20291.7,13678.0,77
https://data.cityofchicago.org/resource/bynn-gwxy/row-7fiv.4vya~5uic,Chicago,1364.8,2001-04-01,Skokie,94029,3687.8,2440.6,97
https://data.cityofchicago.org/resource/bynn-gwxy/row-7xr5.97m9.c7b4,Chicago,3117.4,2001-01-01,Inner Drive/Michigan Express,242849,9355.1,5362.4,146
https://data.cityofchicago.org/resource/bynn-gwxy/row-hhg4.723t~3q2r,Chicago,5125.9,2001-02-01,Roosevelt,267751,11000.4,6809.7,12
https://data.cityofchicago.org/resource/bynn-gwxy/row-4cdt_guvz~wdkr,Chicago,16940.5,2001-04-01,79th,845259,31499.9,24764.6,79
https://data.cityofchicago.org/resource/bynn-gwxy/row-5fgg-tjsb~rsji,Chicago,1831.2,2001-01-01,Wilson/Michigan Express,203232,8074.3,4110.5,145
https://data.cityofchicago.org/resource/bynn-gwxy/row-x5z2~qvj9.h9wh,Chicago,0.0,2001-02-01,Foster-Canfield,5986,299.3,0.0,64
https://data.cityofchicago.org/resource/bynn-gwxy/row-mxr3.2ztw_74iv,Chicago,0.0,2001-02-01,South Western,8882,444.1,0.0,49A
https://data.cityofchicago.org/resource/bynn-gwxy/row-vv2e.9uvt-bhf5,Chicago,1560.6,2001-02-01,Wallace-Racine,154768,6877.6,2743.4,44
https://data.cityofchicago.org/resource/bynn-gwxy/row-9cvh~pfb3-w4fa,Chicago,3860.6,2001-03-01,Inner Drive/Michigan Express,263590,9819.9,6422.2,146
https://data.cityofchicago.org/resource/bynn-gwxy/row-m7za.sts2~ghph,Chicago,257.5,2001-02-01,Northwest Highway,38803,1758.8,649.5,68
https://data.cityofchicago.org/resource/bynn-gwxy/row-e4ax-icua~ri55,Chicago,0.0,2001-02-01,Westchester,10638,531.9,0.0,17
https://data.cityofchicago.org/resource/bynn-gwxy/row-5e2k_7fxn-y2u4,Chicago,0.0,2001-02-01,Union/Wacker Express,26900,1345.0,0.0,121
https://data.cityofchicago.org/resource/bynn-gwxy/row-ugb7~t3pn.8jw7,Chicago,2997.4,2001-04-01,Damen,221429,8866.3,5062.4,50
https://data.cityofchicago.org/resource/bynn-gwxy/row-kxai_rmta.sewq,Chicago,9279.6,2001-02-01,Halsted,502067,20741.7,12528.9,8
https://data.cityofchicago.org/resource/bynn-gwxy/row-nts2.cdeu~4iqx,Chicago,0.0,2001-02-01,Wentworth,88063,4403.2,0.0,24
https://data.cityofchicago.org/resource/bynn-gwxy/row-jepk-s497_mvjw,Chicago,3555.3,2001-01-01,Devon,198930,7283.4,5229.9,155
https://data.cityofchicago.org/resource/bynn-gwxy/row-tbg8_hmqh.utja,Chicago,12396.5,2001-02-01,Western,614464,24342.7,19506.1,49
https://data.cityofchicago.org/resource/bynn-gwxy/row-xsqg~sgj3.vzmt,Chicago,5705.8,2001-03-01,Diversey,380431,14294.0,8627.8,76
https://data.cityofchicago.org/resource/bynn-gwxy/row-3t5s.e5eu-pnr9,Chicago,2365.4,2001-04-01,North Western,134195,5123.2,3695.2,49B
https://data.cityofchicago.org/resource/bynn-gwxy/row-fq9n~xcuj.isx5,Chicago,0.0,2001-03-01,LaSalle,207273,9421.5,0.0,156
https://data.cityofchicago.org/resource/bynn-gwxy/row-2xac-c4fs.cq4w,Chicago,2072.9,2001-03-01,Wilson/Michigan Express,220934,8718.2,4168.7,145
https://data.cityofchicago.org/resource/bynn-gwxy/row-4gb2_detk-igfe,Chicago,2589.8,2001-02-01,South Cicero,123486,4818.1,4191.1,54B
https://data.cityofchicago.org/resource/bynn-gwxy/row-jskk.9kjb~xkkv,Chicago,5650.0,2001-03-01,87th,453521,17093.7,10971.7,87
https://data.cityofchicago.org/resource/bynn-gwxy/row-hyzr~d2nc_pr7v,Chicago,0.0,2001-03-01,Clarendon/LaSalle Express,62701,2850.0,0.0,135
https://data.cityofchicago.org/resource/bynn-gwxy/row-gs5a~ha64.8tmt,Chicago,5484.3,2001-02-01,Diversey,324993,13775.4,6886.9,76
https://data.cityofchicago.org/resource/bynn-gwxy/row-b4wv~tt4b.afin,Chicago,2381.5,2001-04-01,South Kedzie,165038,6568.3,3799.0,52A
https://data.cityofchicago.org/resource/bynn-gwxy/row-b9xm_s3se_6da4,Chicago,1503.4,2001-02-01,Harlem,95804,3967.0,2612.5,90
https://data.cityofchicago.org/resource/bynn-gwxy/row-dack-v4it.auk3,Chicago,7307.1,2001-03-01,Milwaukee,420547,15492.3,10097.6,56
https://data.cityofchicago.org/resource/bynn-gwxy/row-ush8.56tm_vy9k,Chicago,398.4,2001-01-01,East 103rd,55265,2317.8,570.3,106
https://data.cityofchicago.org/resource/bynn-gwxy/row-saqs_3pv5.5xz3,Chicago,0.0,2001-02-01,North Central,17802,879.8,51.8,85A
https://data.cityofchicago.org/resource/bynn-gwxy/row-ihyp~ykr8.f849,Chicago,6234.8,2001-03-01,Irving Park,340221,12315.9,8866.3,80
https://data.cityofchicago.org/resource/bynn-gwxy/row-tcue.t5r6_8mq8,Chicago,2384.8,2001-01-01,Austin,218421,8583.5,4415.0,91
https://data.cityofchicago.org/resource/bynn-gwxy/row-k4ke~a6dr~95zs,Chicago,1417.1,2001-01-01,South Pulaski,218700,9037.4,3198.0,53A
https://data.cityofchicago.org/resource/bynn-gwxy/row-qcsr~y3fu.j6n9,Chicago,372.9,2001-01-01,Museum of S & I,4115,0.0,562.6,10
https://data.cityofchicago.org/resource/bynn-gwxy/row-5e9y~hc56.6f7i,Chicago,8725.3,2001-01-01,King Drive,567413,21406.5,13210.7,3
https://data.cityofchicago.org/resource/bynn-gwxy/row-ug5k~tw43.d65f,Chicago,0.0,2001-03-01,Jeffery Manor Express,27636,1256.2,0.0,100
https://data.cityofchicago.org/resource/bynn-gwxy/row-zyxc.ni9p.nink,Chicago,0.0,2001-03-01,North Harlem,7604,309.9,157.2,90N
https://data.cityofchicago.org/resource/bynn-gwxy/row-jurn-yw29_gh6x,Chicago,9533.3,2001-04-01,King Drive,568992,21917.1,15266.7,3
https://data.cityofchicago.org/resource/bynn-gwxy/row-eqwy~geym-c8kc,Chicago,0.0,2001-01-01,Illinois Center/Ogilvie Express,24705,1122.9,0.0,122
https://data.cityofchicago.org/resource/bynn-gwxy/row-5eyj~b8v8~shjh,Chicago,2817.7,2001-02-01,Jackson,246048,10761.9,4884.7,126
https://data.cityofchicago.org/resource/bynn-gwxy/row-r7i7~dpzu.e3m4,Chicago,9466.2,2001-01-01,Pulaski,589242,21726.0,15984.4,53
https://data.cityofchicago.org/resource/bynn-gwxy/row-djmp~e4kq.v627,Chicago,0.0,2001-01-01,Cumberland/East River,8761,417.2,0.0,69
https://data.cityofchicago.org/resource/bynn-gwxy/row-g7ii~jj4x-iig9,Chicago,7558.0,2001-01-01,Lawrence,402803,14489.3,11561.8,81
https://data.cityofchicago.org/resource/bynn-gwxy/row-36wc.cjte.j3yf,Chicago,2556.7,2001-01-01,West 95th,144468,5162.6,4526.5,95W
https://data.cityofchicago.org/resource/bynn-gwxy/row-2w2m.nzji-8i3r,Chicago,0.0,2001-01-01,Indiana/Hyde Park,153617,6982.6,0.0,1
https://data.cityofchicago.org/resource/bynn-gwxy/row-wwhy~6hnz-dcud,Chicago,0.0,2001-03-01,Sheridan/LaSalle Express,42990,1954.1,0.0,136
https://data.cityofchicago.org/resource/bynn-gwxy/row-22ig_d786_hdg8,Chicago,0.0,2001-02-01,Clarendon/LaSalle Express,54070,2703.5,0.0,135
https://data.cityofchicago.org/resource/bynn-gwxy/row-cqnz-x6sy-npz6,Chicago,1721.4,2001-04-01,South Halsted,87040,3170.6,2962.7,8A
https://data.cityofchicago.org/resource/bynn-gwxy/row-jrtc-868m-9yjf,Chicago,5852.5,2001-03-01,Cermak,237571,7861.8,8240.3,21
https://data.cityofchicago.org/resource/bynn-gwxy/row-bv2e-n9zr~mxyy,Chicago,642.3,2001-01-01,16th/18th,49130,1923.8,898.5,18
https://data.cityofchicago.org/resource/bynn-gwxy/row-uqjj-b9du.jbni,Chicago,969.2,2001-02-01,Lincoln/Sedgwick,82644,3606.1,1661.2,11
https://data.cityofchicago.org/resource/bynn-gwxy/row-hnw4.dx8p~h7zc,Chicago,6174.4,2001-01-01,Milwaukee,381555,14274.6,9160.4,56
https://data.cityofchicago.org/resource/bynn-gwxy/row-nnuv_hrmc~27gd,Chicago,3854.5,2001-04-01,47th,222711,8463.6,6425.6,47
https://data.cityofchicago.org/resource/bynn-gwxy/row-c846.yxvj_79ke,Chicago,8280.8,2001-01-01,Halsted,521892,19582.2,12420.0,8
https://data.cityofchicago.org/resource/bynn-gwxy/row-ezzr~m8nm.4v5s,Chicago,487.6,2001-02-01,East 103rd,57661,2663.3,611.2,106
https://data.cityofchicago.org/resource/bynn-gwxy/row-xvza_f7we.zsvm,Chicago,17012.3,2001-03-01,79th,903294,31981.4,26330.6,79
https://data.cityofchicago.org/resource/bynn-gwxy/row-9jdv.p8dx_v7k7,Chicago,0.0,2001-03-01,69th-UPS Express,17163,767.5,55.8,169
https://data.cityofchicago.org/resource/bynn-gwxy/row-u8na~rsz2~cy9r,Chicago,282.5,2001-03-01,Central/Ridge,35445,1413.8,642.2,201
https://data.cityofchicago.org/resource/bynn-gwxy/row-iu9j_pr99_yq9q,Chicago,689.9,2001-04-01,Laramie,71205,2938.4,1512.5,57
https://data.cityofchicago.org/resource/bynn-gwxy/row-pnpj_hedv_fmgb,Chicago,0.0,2001-02-01,Halsted/95th,62094,3104.7,0.0,108
https://data.cityofchicago.org/resource/bynn-gwxy/row-fhk3_avku.ismu,Chicago,3525.7,2001-02-01,71st/South Shore,190393,7650.9,5818.3,71
https://data.cityofchicago.org/resource/bynn-gwxy/row-fmb9_j6r9-4mut,Chicago,358.1,2001-02-01,43rd,31879,1390.6,658.6,43
https://data.cityofchicago.org/resource/bynn-gwxy/row-uhds_xhzh~fmt3,Chicago,0.0,2001-02-01,West Loop/South Loop,16231,811.5,0.0,129
https://data.cityofchicago.org/resource/bynn-gwxy/row-di7m-jdkb-q3hs,Chicago,5549.4,2001-03-01,Kedzie/California,337442,12226.5,9252.4,52
https://data.cityofchicago.org/resource/bynn-gwxy/row-yuvg.pbty-mbqe,Chicago,0.0,2001-02-01,U. of Chicago/Midway,5758,287.9,0.0,170
https://data.cityofchicago.org/resource/bynn-gwxy/row-iedh-222x~xk2m,Chicago,12559.4,2001-02-01,63rd,580890,22932.3,18001.7,63
https://data.cityofchicago.org/resource/bynn-gwxy/row-tbvq_xpnf~9wkx,Chicago,0.0,2001-04-01,California/Dodge,48419,2120.8,970.5,93
https://data.cityofchicago.org/resource/bynn-gwxy/row-pxdd.wi5i.tuvc,Chicago,1954.1,2001-01-01,North Western,133958,5087.6,3065.0,49B
https://data.cityofchicago.org/resource/bynn-gwxy/row-q29c~3pkp~hc4j,Chicago,8070.9,2001-02-01,Chicago,511938,21441.0,12708.4,66
https://data.cityofchicago.org/resource/bynn-gwxy/row-e6vr_ciyz~etmz,Chicago,0.0,2001-04-01,Illinois Center/Union Express,16817,800.8,0.0,123
https://data.cityofchicago.org/resource/bynn-gwxy/row-fc34.iamc_a4ge,Chicago,0.0,2001-04-01,Jeffery Manor Express,23532,1120.6,0.0,100
https://data.cityofchicago.org/resource/bynn-gwxy/row-8gc6_ra66.ybui,Chicago,0.0,2001-03-01,Halsted/95th,70285,3194.8,0.0,108
https://data.cityofchicago.org/resource/bynn-gwxy/row-uu5p_b8d9-v7sk,Chicago,0.0,2001-02-01,West Cermak,4458,222.9,0.0,25
https://data.cityofchicago.org/resource/bynn-gwxy/row-f8zu.ehyp.pm2q,Chicago,11678.0,2001-03-01,Clark,622370,22534.9,15977.9,22
https://data.cityofchicago.org/resource/bynn-gwxy/row-bzmj.6qbw-uzpp,Chicago,444.0,2001-02-01,West Lawrence,35286,1505.2,851.7,81W
https://data.cityofchicago.org/resource/bynn-gwxy/row-wsg9~d7d2.nd5d,Chicago,0.0,2001-02-01,California/Dodge,48884,2249.3,974.8,93
https://data.cityofchicago.org/resource/bynn-gwxy/row-8mtb.8upx-3hy2,Chicago,1213.7,2001-02-01,Peterson,100176,4369.3,1983.8,84
https://data.cityofchicago.org/resource/bynn-gwxy/row-z888-sw9g-gax3,Chicago,1403.9,2001-03-01,Armitage,135270,5324.8,2501.6,73
https://data.cityofchicago.org/resource/bynn-gwxy/row-hea9~mnuk~zakg,Chicago,3558.3,2001-04-01,71st/South Shore,191162,7150.3,5803.4,71
https://data.cityofchicago.org/resource/bynn-gwxy/row-8uev-cc7d.neee,Chicago,11797.6,2001-02-01,Cottage Grove,595896,23907.9,17637.0,4
https://data.cityofchicago.org/resource/bynn-gwxy/row-q8pv~cax5.ht9a,Chicago,0.0,2001-01-01,North Milwaukee,11938,568.5,0.0,56A
https://data.cityofchicago.org/resource/bynn-gwxy/row-2h6r~atkx_nuha,Chicago,8478.8,2001-01-01,Chicago,557759,21001.5,13332.8,66
https://data.cityofchicago.org/resource/bynn-gwxy/row-vi9y~ah5f.3qdz,Chicago,0.0,2001-02-01,Madison/Roosevelt Circulator,4290,214.5,0.0,127
https://data.cityofchicago.org/resource/bynn-gwxy/row-ai73.sr2t_hjqd,Chicago,1662.5,2001-03-01,Wallace-Racine,176272,6994.1,3150.3,44
https://data.cityofchicago.org/resource/bynn-gwxy/row-8gpr_fzcp-3yt6,Chicago,2377.5,2001-01-01,South Cicero,134823,4775.5,4468.6,54B
https://data.cityofchicago.org/resource/bynn-gwxy/row-srg7_k6zm_vc3d,Chicago,3467.0,2001-01-01,South California,269786,10603.7,4792.6,94
https://data.cityofchicago.org/resource/bynn-gwxy/row-u6hf-kgwd.yy4z,Chicago,3046.4,2001-03-01,Jackson,282150,11114.2,5090.4,126
https://data.cityofchicago.org/resource/bynn-gwxy/row-e33x.imkk-3ech,Chicago,0.0,2001-03-01,Ogilvie/Wacker Express,18423,837.4,0.0,120
https://data.cityofchicago.org/resource/bynn-gwxy/row-5j2b-5h4t_399d,Chicago,0.0,2001-03-01,Outer Drive Express,244988,9739.4,6144.3,147
https://data.cityofchicago.org/resource/bynn-gwxy/row-5hr7_b3hy~g7jr,Chicago,2511.7,2001-04-01,South Cicero,137759,4991.5,5094.7,54B
https://data.cityofchicago.org/resource/bynn-gwxy/row-8at4.vey4.8maw,Chicago,169.4,2001-02-01,U. of Chicago/Lakeview Express,7703,252.5,493.9,173
https://data.cityofchicago.org/resource/bynn-gwxy/row-6tfq_y7er_qg3m,Chicago,0.0,2001-01-01,Western Express,112899,5131.8,0.0,X49
https://data.cityofchicago.org/resource/bynn-gwxy/row-5fyb-4aqy~rbmp,Chicago,437.3,2001-03-01,West Lawrence,40042,1507.6,1025.1,81W
https://data.cityofchicago.org/resource/bynn-gwxy/row-tfrh~zb5b.8inz,Chicago,0.0,2001-02-01,LaSalle,182247,9112.3,0.0,156
https://data.cityofchicago.org/resource/bynn-gwxy/row-ucny_xi4x.qx27,Chicago,0.0,2001-03-01,West Cermak,6040,274.5,0.0,25
https://data.cityofchicago.org/resource/bynn-gwxy/row-8uup.vjdx-kfky,Chicago,6819.6,2001-02-01,Blue Island/26th,345328,14023.4,9395.7,60
https://data.cityofchicago.org/resource/bynn-gwxy/row-6g3f-isjy.zb3x,Chicago,3102.1,2001-02-01,93rd-95th,147020,5773.6,4785.1,95E
https://data.cityofchicago.org/resource/bynn-gwxy/row-wq3b~m8wd.q9tu,Chicago,523.9,2001-01-01,Higgins,43101,1721.8,650.3,88
https://data.cityofchicago.org/resource/bynn-gwxy/row-36iq_dqhv~wmdt,Chicago,0.0,2001-02-01,Jeffery Express,180965,9048.2,0.0,14
https://data.cityofchicago.org/resource/bynn-gwxy/row-65wd_mv6z_x3kz,Chicago,2890.1,2001-01-01,Michigan/119th,147205,5171.2,4747.3,119
https://data.cityofchicago.org/resource/bynn-gwxy/row-knf7.srvz_6d7j,Chicago,2092.8,2001-03-01,51st,138600,4966.5,4193.2,51
https://data.cityofchicago.org/resource/bynn-gwxy/row-unn6_cr95~vy7f,Chicago,7056.8,2001-04-01,Fullerton,341681,12500.6,10971.2,74
https://data.cityofchicago.org/resource/bynn-gwxy/row-c4tt~syfg.mm7u,Chicago,869.5,2001-01-01,Lincoln/Sedgwick,86887,3448.7,1667.3,11
https://data.cityofchicago.org/resource/bynn-gwxy/row-3nff_rzzg_dts8,Chicago,7563.9,2001-02-01,Lawrence,377721,15145.2,11140.3,81
https://data.cityofchicago.org/resource/bynn-gwxy/row-umnx~br3a.5a52,Chicago,0.0,2001-03-01,Hyde Park Express,18964,862.0,0.0,2
https://data.cityofchicago.org/resource/bynn-gwxy/row-mruu.w25i.374h,Chicago,6853.7,2001-01-01,North,418889,15417.4,11359.3,72
https://data.cityofchicago.org/resource/bynn-gwxy/row-y3gm_g4q7.5qae,Chicago,1740.3,2001-04-01,South Pulaski,214091,9133.8,3395.1,53A
https://data.cityofchicago.org/resource/bynn-gwxy/row-s8mm.bcr5_pfqi,Chicago,0.0,2001-04-01,North Milwaukee,13816,657.9,0.0,56A
https://data.cityofchicago.org/resource/bynn-gwxy/row-ckv7-wnqi.huu4,Chicago,0.0,2001-03-01,South Western,9614,437.0,0.0,49A
https://data.cityofchicago.org/resource/bynn-gwxy/row-jdjh-9wrm~a4rq,Chicago,861.2,2001-02-01,South Chicago,93503,4110.7,1961.2,30
https://data.cityofchicago.org/resource/bynn-gwxy/row-9x9c~adsv_btc3,Chicago,0.0,2001-02-01,Hyde Park Express,19535,976.8,0.0,2
https://data.cityofchicago.org/resource/bynn-gwxy/row-extc~ar82~z6i3,Chicago,569.2,2001-03-01,Navy Pier,2860,0.0,860.9,124
https://data.cityofchicago.org/resource/bynn-gwxy/row-hcpx.q7na-zair,Chicago,0.0,2001-01-01,North Cicero/Skokie Blvd.,28188,1281.3,0.0,54A
https://data.cityofchicago.org/resource/bynn-gwxy/row-97xg~g5qv~3svp,Chicago,7180.5,2001-03-01,Jackson Park Express,512929,19086.8,12859.5,6
https://data.cityofchicago.org/resource/bynn-gwxy/row-q58z-uriu_q9zm,Chicago,704.2,2001-04-01,South Chicago,93261,3837.4,2288.4,30
https://data.cityofchicago.org/resource/bynn-gwxy/row-bu9d-beug~m96x,Chicago,1618.7,2001-03-01,Harlem,108971,3958.2,3083.3,90
https://data.cityofchicago.org/resource/bynn-gwxy/row-5hjv.6m2u_htkj,Chicago,0.0,2001-04-01,55th/Narragansett,21408,995.0,128.3,55N
https://data.cityofchicago.org/resource/bynn-gwxy/row-9wvd_uagr_pk3b,Chicago,1942.6,2001-02-01,35th,141693,6043.6,3262.6,35
https://data.cityofchicago.org/resource/bynn-gwxy/row-n44j~picv~96di,Chicago,11466.5,2001-01-01,63rd,605727,21814.1,17120.8,63
https://data.cityofchicago.org/resource/bynn-gwxy/row-ic9u~32fn~hw97,Chicago,7052.3,2001-02-01,Garfield,328710,13244.6,8902.1,55
https://data.cityofchicago.org/resource/bynn-gwxy/row-5zxz~v4bd~eu2c,Chicago,5991.4,2001-02-01,Cermak,212421,7910.0,7563.8,21
https://data.cityofchicago.org/resource/bynn-gwxy/row-esd5.jsu7-zbb7,Chicago,0.0,2001-02-01,Sheridan/LaSalle Express,39165,1958.3,0.0,136
https://data.cityofchicago.org/resource/bynn-gwxy/row-k758.sn86-amfk,Chicago,0.0,2001-02-01,Soldier Field Express,148,0.0,148.1,128
https://data.cityofchicago.org/resource/bynn-gwxy/row-f28b-dp5z-3y5m,Chicago,0.0,2001-02-01,Lunt,26640,1332.0,0.0,96
https://data.cityofchicago.org/resource/bynn-gwxy/row-kwpt.qg3g_7m7c,Chicago,0.0,2001-01-01,Jeffery Manor Express,25673,1167.0,0.0,100
https://data.cityofchicago.org/resource/bynn-gwxy/row-k2ak.nygq.8r7y,Chicago,9080.3,2001-03-01,Belmont,567184,20926.5,14095.9,77
https://data.cityofchicago.org/resource/bynn-gwxy/row-puwy-giam.ehs4,Chicago,1145.3,2001-04-01,Vincennes/111th,88667,3646.4,1591.6,112
https://data.cityofchicago.org/resource/bynn-gwxy/row-4qyu-vnqd.ssz5,Chicago,5398.4,2001-03-01,Roosevelt,309052,11387.9,7384.8,12
https://data.cityofchicago.org/resource/bynn-gwxy/row-6hwq.rvkq-3aw9,Chicago,9224.7,2001-02-01,Broadway,404463,15751.5,13133.7,36
https://data.cityofchicago.org/resource/bynn-gwxy/row-c2p6~arvd~xy85,Chicago,1564.6,2001-01-01,Wallace-Racine,162910,6559.2,2696.0,44
https://data.cityofchicago.org/resource/bynn-gwxy/row-3bug.xqyh-yjjf,Chicago,0.0,2001-01-01,Clarendon/LaSalle Express,57669,2621.3,0.0,135
https://data.cityofchicago.org/resource/bynn-gwxy/row-xtmb-uun4-24m5,Chicago,0.0,2001-01-01,U. of Chicago/Midway,6315,287.1,0.0,170
https://data.cityofchicago.org/resource/bynn-gwxy/row-ktbh~w7v7_rpyg,Chicago,1071.0,2001-01-01,West 103rd,93121,3704.9,1564.8,103
https://data.cityofchicago.org/resource/bynn-gwxy/row-gvqv.gvpb~c2ar,Chicago,13436.6,2001-04-01,Western,656261,24154.8,20457.0,49
https://data.cityofchicago.org/resource/bynn-gwxy/row-qz9t_5h72_28ss,Chicago,2423.6,2001-01-01,South Deering,147904,5629.5,2984.1,27
https://data.cityofchicago.org/resource/bynn-gwxy/row-dt3p_v2e3.ph4f,Chicago,939.9,2001-02-01,Higgins,40925,1705.2,765.6,88
https://data.cityofchicago.org/resource/bynn-gwxy/row-xfuf~2n6q-9stv,Chicago,0.0,2001-03-01,Wentworth,102721,4669.2,0.0,24
https://data.cityofchicago.org/resource/bynn-gwxy/row-jj74~zu7z_skc4,Chicago,7085.0,2001-03-01,Garfield,371515,13365.0,9828.9,55
https://data.cityofchicago.org/resource/bynn-gwxy/row-ymq7_4bbm-3zgq,Chicago,443.7,2001-03-01,Higgins,45048,1796.8,748.5,88
https://data.cityofchicago.org/resource/bynn-gwxy/row-56e4~tnnq.hkef,Chicago,1382.3,2001-01-01,Harlem,104289,3880.4,3002.1,90
https://data.cityofchicago.org/resource/bynn-gwxy/row-cisn-rxjq.2g37,Chicago,624.6,2001-04-01,Higgins,41849,1701.3,749.7,88
https://data.cityofchicago.org/resource/bynn-gwxy/row-4zyv~kmuq-6ggb,Chicago,1167.5,2001-01-01,Skokie,95096,3681.4,2066.7,97
https://data.cityofchicago.org/resource/bynn-gwxy/row-urz9-i9ri.xyq3,Chicago,0.0,2001-04-01,Westchester,13626,648.9,0.0,17
https://data.cityofchicago.org/resource/bynn-gwxy/row-xigz-4h3q~8vbg,Chicago,368.4,2001-01-01,United Center Express,6273,322.0,327.1,19
https://data.cityofchicago.org/resource/bynn-gwxy/row-x3rs~2trg~vzxx,Chicago,7385.9,2001-02-01,Fullerton,337853,13381.0,10172.3,74
https://data.cityofchicago.org/resource/bynn-gwxy/row-2cw5-nre8~nigs,Chicago,1535.4,2001-02-01,South Halsted,83212,3296.3,2786.2,8A
https://data.cityofchicago.org/resource/bynn-gwxy/row-wg3t~rtsw.tjzd,Chicago,2306.3,2001-02-01,Austin,197013,8550.5,4194.4,91
https://data.cityofchicago.org/resource/bynn-gwxy/row-t9df.2vj3-2tze,Chicago,1395.9,2001-04-01,Peterson,108687,4313.0,2783.4,84
https://data.cityofchicago.org/resource/bynn-gwxy/row-w6q7.ecww.fpbt,Chicago,3608.6,2001-03-01,Montrose,253905,9481.0,6177.6,78
https://data.cityofchicago.org/resource/bynn-gwxy/row-vimw.vseb-sk59,Chicago,2370.7,2001-04-01,51st,132776,4854.8,4742.8,51
https://data.cityofchicago.org/resource/bynn-gwxy/row-vpcn.xskj_mtrp,Chicago,2448.9,2001-03-01,Pullman/111th/115th,168202,6336.0,3802.9,111
https://data.cityofchicago.org/resource/bynn-gwxy/row-m6zy~q9yk-k3f3,Chicago,3991.8,2001-04-01,South Michigan,210454,7830.2,6515.1,34
https://data.cityofchicago.org/resource/bynn-gwxy/row-z22a_vyhx~ftqj,Chicago,2228.3,2001-04-01,Grand,169373,6767.4,4029.3,65
https://data.cityofchicago.org/resource/bynn-gwxy/row-peeq_azyq-csg8,Chicago,10662.2,2001-01-01,Cottage Grove,618796,22432.2,17994.0,4
https://data.cityofchicago.org/resource/bynn-gwxy/row-ryex_7scy-fccx,Chicago,7165.6,2001-01-01,Jackson Park Express,493926,18443.0,13088.2,6
https://data.cityofchicago.org/resource/bynn-gwxy/row-23ds.q8x2_jdh7,Chicago,0.0,2001-02-01,Jeffery Manor Express,23555,1177.7,0.0,100
https://data.cityofchicago.org/resource/bynn-gwxy/row-w4h4.5mg6_9bi4,Chicago,8251.7,2001-03-01,Chicago,565492,21182.7,13293.3,66
https://data.cityofchicago.org/resource/bynn-gwxy/row-iehj_y98w~t475,Chicago,1508.8,2001-02-01,South Pulaski,213739,9793.7,2957.6,53A
https://data.cityofchicago.org/resource/bynn-gwxy/row-zucg_t2yb_37dw,Chicago,0.0,2001-03-01,Harrison,126040,5729.1,0.0,7
https://data.cityofchicago.org/resource/bynn-gwxy/row-7eez_i3w2.tu6c,Chicago,6890.2,2001-04-01,Cicero,341724,12839.5,9410.9,54
https://data.cityofchicago.org/resource/bynn-gwxy/row-ydwe~5wvb_58j5,Chicago,7514.6,2001-04-01,Garfield,361091,13511.7,9943.0,55
https://data.cityofchicago.org/resource/bynn-gwxy/row-pw5w~2dfk.2iqj,Chicago,0.0,2001-03-01,Jeffery Express,209894,9540.6,0.0,14
https://data.cityofchicago.org/resource/bynn-gwxy/row-2juq~dbc2_j4eu,Chicago,0.0,2001-04-01,North Central,16390,767.4,68.5,85A
https://data.cityofchicago.org/resource/bynn-gwxy/row-dnhz-p7fe~zm78,Chicago,0.0,2001-03-01,Union/Wacker Express,33473,1521.5,0.0,121
https://data.cityofchicago.org/resource/bynn-gwxy/row-gct3~7u6m.vrfj,Chicago,534.1,2001-03-01,Museum of S & I,7010,0.0,974.8,10
https://data.cityofchicago.org/resource/bynn-gwxy/row-p7zx_2v8y.ed2t,Chicago,616.1,2001-01-01,Laramie,75668,3042.6,1412.8,57
https://data.cityofchicago.org/resource/bynn-gwxy/row-k4wg-hw2v~x6jq,Chicago,479.7,2001-04-01,East 103rd,49929,2142.9,632.6,106
https://data.cityofchicago.org/resource/bynn-gwxy/row-4wen_uf6g.iuiq,Chicago,3294.7,2001-03-01,74th-75th,200764,7320.5,5306.7,75
https://data.cityofchicago.org/resource/bynn-gwxy/row-4xhx_cnt9_cuqg,Chicago,16119.4,2001-03-01,Ashland,878433,31563.9,23909.9,9
https://data.cityofchicago.org/resource/bynn-gwxy/row-5648.7dp6-5ms5,Chicago,8184.0,2001-01-01,Madison,566683,21570.3,12804.3,20
https://data.cityofchicago.org/resource/bynn-gwxy/row-6tqp.725j-x36s,Chicago,5275.2,2001-01-01,Irving Park,319117,11837.8,8077.1,80
https://data.cityofchicago.org/resource/bynn-gwxy/row-np7w_sapt.m63u,Chicago,16494.1,2001-04-01,Ashland,834240,31136.2,24477.5,9
https://data.cityofchicago.org/resource/bynn-gwxy/row-7gsf_w2d7~xciz,Chicago,0.0,2001-02-01,69th-UPS Express,17365,852.6,78.0,169
https://data.cityofchicago.org/resource/bynn-gwxy/row-d97u~89ea.yxmu,Chicago,3119.0,2001-01-01,71st/South Shore,194863,7136.7,5565.3,71
https://data.cityofchicago.org/resource/bynn-gwxy/row-f829_pnpt.34qt,Chicago,317.1,2001-04-01,Cermak Express,3721,0.0,711.7,X21
https://data.cityofchicago.org/resource/bynn-gwxy/row-w5sa.6sww-4b6t,Chicago,2729.2,2001-03-01,Austin,225103,8666.0,4707.0,91
https://data.cityofchicago.org/resource/bynn-gwxy/row-quif.5d5z_tyse,Chicago,0.0,2001-03-01,South Damen,28902,1313.7,0.0,48
https://data.cityofchicago.org/resource/bynn-gwxy/row-hemt_74kj-nuyh,Chicago,470.3,2001-02-01,Museum of S & I,4416,0.0,633.7,10
https://data.cityofchicago.org/resource/bynn-gwxy/row-idji_3eur_6dtm,Chicago,4850.7,2001-01-01,Central,346996,13188.5,8148.9,85
https://data.cityofchicago.org/resource/bynn-gwxy/row-eypi~2bma-6dk2,Chicago,0.0,2001-01-01,Hyde Park Express,22001,1000.0,0.0,2
https://data.cityofchicago.org/resource/bynn-gwxy/row-98w9.92ja.guqm,Chicago,2650.5,2001-01-01,Jackson,255239,10129.2,4785.9,126
https://data.cityofchicago.org/resource/bynn-gwxy/row-ewet-y55v.wdty,Chicago,1455.0,2001-04-01,Harlem,99712,3804.7,3134.3,90
https://data.cityofchicago.org/resource/bynn-gwxy/row-urje~ijsn~6knr,Chicago,8687.4,2001-01-01,Broadway,436950,15360.0,13898.6,36
https://data.cityofchicago.org/resource/bynn-gwxy/row-2m7k-q9s7~raf8,Chicago,2243.2,2001-02-01,Addison,249850,11210.9,4164.6,152
https://data.cityofchicago.org/resource/bynn-gwxy/row-kni3~fiwe-det8,Chicago,0.0,2001-01-01,Water Tower Express,59197,2690.8,0.0,125
https://data.cityofchicago.org/resource/bynn-gwxy/row-sdxy~e3y4.q8ra,Chicago,0.0,2001-02-01,Mag Mile Express,13473,673.6,0.0,33
https://data.cityofchicago.org/resource/bynn-gwxy/row-49k6-xfbb~5df8,Chicago,6537.4,2001-03-01,Cicero,355619,12638.4,10284.9,54
https://data.cityofchicago.org/resource/bynn-gwxy/row-bz3f_hw65-hf5p,Chicago,0.0,2001-01-01,Sedgwick,55014,2500.6,0.0,37
https://data.cityofchicago.org/resource/bynn-gwxy/row-nxz5.p4g3.fchj,Chicago,6832.9,2001-03-01,67th-69th-71st,407048,14908.6,10345.6,67
https://data.cityofchicago.org/resource/bynn-gwxy/row-k8hf-a2e2_spkp,Chicago,0.0,2001-01-01,North Central,21550,952.5,148.7,85A
https://data.cityofchicago.org/resource/bynn-gwxy/row-5ms8~nv68.dy34,Chicago,0.0,2001-03-01,Mag Mile Express,17166,780.3,0.0,33
https://data.cityofchicago.org/resource/bynn-gwxy/row-2xyd-7aft~zupd,Chicago,684.9,2001-03-01,Laramie,80416,3156.4,1646.9,57
https://data.cityofchicago.org/resource/bynn-gwxy/row-jh5a.w5rp-uqeh,Chicago,1369.2,2001-03-01,Skokie,98343,3701.9,2284.9,97
https://data.cityofchicago.org/resource/bynn-gwxy/row-hevk_st9r_e7sg,Chicago,441.1,2001-04-01,Museum of S & I,5913,0.0,926.8,10
https://data.cityofchicago.org/resource/bynn-gwxy/row-ygeg-jacz_pxvm,Chicago,0.0,2001-04-01,Archer/Harlem,31844,1396.1,631.2,62H
https://data.cityofchicago.org/resource/bynn-gwxy/row-cbh6-2hsg-8etg,Chicago,0.0,2001-03-01,U. of Chicago/Midway,5233,237.9,0.0,170
https://data.cityofchicago.org/resource/bynn-gwxy/row-tctd.6bmk~i4py,Chicago,5968.0,2001-01-01,Fullerton,351804,12842.3,9858.6,74
https://data.cityofchicago.org/resource/bynn-gwxy/row-d6u2_5qch_if7c,Chicago,0.0,2001-01-01,Outer Drive Express,215649,8812.6,5443.1,147
https://data.cityofchicago.org/resource/bynn-gwxy/row-g7wz.tdr3_apmw,Chicago,0.0,2001-02-01,Illinois Center/Union Express,15536,776.8,0.0,123
https://data.cityofchicago.org/resource/bynn-gwxy/row-srw3_v8ui-4uf9,Chicago,11761.6,2001-03-01,Cottage Grove,682721,24463.9,19493.7,4
https://data.cityofchicago.org/resource/bynn-gwxy/row-8iry.sa9a_3pee,Chicago,0.0,2001-03-01,Western Express,132360,6016.4,0.0,X49
https://data.cityofchicago.org/resource/bynn-gwxy/row-gfu4-x77y~irxi,Chicago,3854.1,2001-02-01,47th,213107,8636.0,6242.4,47
https://data.cityofchicago.org/resource/bynn-gwxy/row-6u4q~hspu.zuik,Chicago,0.0,2001-04-01,Narragansett/Ridgeland,34288,1632.8,0.0,86
https://data.cityofchicago.org/resource/bynn-gwxy/row-qxau.qaju_adyk,Chicago,268.9,2001-01-01,Central/Ridge,31865,1275.3,615.9,201
https://data.cityofchicago.org/resource/bynn-gwxy/row-wfjv~g2y7_8ch9,Chicago,2348.6,2001-02-01,51st,126263,5124.6,3593.9,51
https://data.cityofchicago.org/resource/bynn-gwxy/row-rqq9-s46h~adpz,Chicago,2169.4,2001-01-01,51st,127952,4654.8,3675.0,51
https://data.cityofchicago.org/resource/bynn-gwxy/row-pnfv_6y7v-62ki,Chicago,2744.0,2001-02-01,Foster,183443,7803.5,4099.3,92
https://data.cityofchicago.org/resource/bynn-gwxy/row-w22h-ddez-jbrd,Chicago,0.0,2001-01-01,Westchester,11319,514.5,0.0,17
https://data.cityofchicago.org/resource/bynn-gwxy/row-dhnm_siur.46fj,Chicago,318.2,2001-04-01,Northwest Highway,40805,1716.0,794.7,68
https://data.cityofchicago.org/resource/bynn-gwxy/row-qite.nwpm-uxrn,Chicago,3832.6,2001-04-01,74th-75th,184874,6804.6,5703.4,75
https://data.cityofchicago.org/resource/bynn-gwxy/row-fdsg~vrc3-fd8w,Chicago,2518.9,2001-03-01,Addison,289472,11575.7,4946.1,152
https://data.cityofchicago.org/resource/bynn-gwxy/row-5kbz~q6ip.xxyz,Chicago,0.0,2001-02-01,South Damen,25878,1293.9,0.0,48
https://data.cityofchicago.org/resource/bynn-gwxy/row-t28x_ceed_2d9c,Chicago,11762.3,2001-04-01,Cottage Grove,643740,24309.3,18608.4,4
https://data.cityofchicago.org/resource/bynn-gwxy/row-2k8r-gzdp~5r8v,Chicago,355.7,2001-04-01,43rd,29973,1237.9,549.7,43
https://data.cityofchicago.org/resource/bynn-gwxy/row-z7ti-fjrp-7t5i,Chicago,5940.5,2001-01-01,Cicero,334903,12138.9,9536.3,54
https://data.cityofchicago.org/resource/bynn-gwxy/row-j8hv~p3yf~y9pi,Chicago,2076.3,2001-03-01,35th,162549,6190.3,3611.6,35
https://data.cityofchicago.org/resource/bynn-gwxy/row-esjv-issz~r976,Chicago,5758.9,2001-04-01,Division,291542,10961.1,8141.3,70
https://data.cityofchicago.org/resource/bynn-gwxy/row-2vrk.e7d2-5eix,Chicago,2316.9,2001-01-01,Foster,191196,7414.5,4123.2,92
https://data.cityofchicago.org/resource/bynn-gwxy/row-smuu.zt32-cywd,Chicago,0.0,2001-03-01,Pershing,49629,2255.8,0.0,39
https://data.cityofchicago.org/resource/bynn-gwxy/row-nttc~smw9_hnip,Chicago,0.0,2001-02-01,North Milwaukee,10814,540.7,0.0,56A
https://data.cityofchicago.org/resource/bynn-gwxy/row-ix6s~b9yi.kunn,Chicago,0.0,2001-01-01,Pershing,49492,2249.6,0.0,39
https://data.cityofchicago.org/resource/bynn-gwxy/row-x5fn-xgae_csdx,Chicago,0.0,2001-03-01,North Cicero/Skokie Blvd.,31781,1444.6,0.0,54A
https://data.cityofchicago.org/resource/bynn-gwxy/row-5hnz-9kf4-k88z,Chicago,0.0,2001-04-01,Sedgwick,52227,2487.0,0.0,37
https://data.cityofchicago.org/resource/bynn-gwxy/row-6t9z.y4xu_eipd,Chicago,0.0,2001-01-01,55th/Narragansett,24237,1071.8,164.4,55N
https://data.cityofchicago.org/resource/bynn-gwxy/row-h2tg~8wh5.2tqb,Chicago,1232.6,2001-02-01,Skokie,88429,3788.5,1932.1,97
https://data.cityofchicago.org/resource/bynn-gwxy/row-pbvv-4st3~r3vd,Chicago,0.0,2001-01-01,West Cermak,3186,144.8,0.0,25
https://data.cityofchicago.org/resource/bynn-gwxy/row-9e2t~8rkh.wtj2,Chicago,0.0,2001-03-01,Streeterville/Taylor,76560,3480.0,0.0,157
https://data.cityofchicago.org/resource/bynn-gwxy/row-2cqc.fc7c_3awq,Chicago,3014.3,2001-01-01,93rd-95th,160511,5787.1,4530.5,95E
https://data.cityofchicago.org/resource/bynn-gwxy/row-3qcy.j2px~2cp5,Chicago,5658.5,2001-02-01,Division,270554,10967.6,7142.3,70
https://data.cityofchicago.org/resource/bynn-gwxy/row-t22e_v6k2_kksh,Chicago,0.0,2001-03-01,Sedgwick,57598,2618.1,0.0,37
https://data.cityofchicago.org/resource/bynn-gwxy/row-yu9e-patf-gwyx,Chicago,0.0,2001-04-01,Halsted/95th,62117,2957.9,0.0,108
https://data.cityofchicago.org/resource/bynn-gwxy/row-k36e.9cxk.f4sc,Chicago,2549.1,2001-03-01,South Deering,161636,6091.2,3486.8,27
https://data.cityofchicago.org/resource/bynn-gwxy/row-ahmg_v52j.3nw7,Chicago,0.0,2001-01-01,Harrison,121097,5504.4,0.0,7
https://data.cityofchicago.org/resource/bynn-gwxy/row-s9yw_ggvw.qsu9,Chicago,3431.3,2001-02-01,South California,250835,10951.8,4518.5,94
https://data.cityofchicago.org/resource/bynn-gwxy/row-qi6d_xnaw.8kwk,Chicago,0.0,2001-03-01,Main/Emerson,10875,494.3,0.0,202
https://data.cityofchicago.org/resource/bynn-gwxy/row-c5ab_je6j_pr3z,Chicago,4971.4,2001-03-01,Archer,402652,15564.3,8070.4,62
https://data.cityofchicago.org/resource/bynn-gwxy/row-8tp8_iuh8.2txg,Chicago,8400.0,2001-01-01,Belmont,529774,19856.3,12733.9,77
https://data.cityofchicago.org/resource/bynn-gwxy/row-nimv.87ms.rtcb,Chicago,2458.6,2001-04-01,South Deering,146033,5650.2,3771.7,27
https://data.cityofchicago.org/resource/bynn-gwxy/row-rr77~y935.f7nk,Chicago,0.0,2001-01-01,Dodge,31798,1445.4,0.0,204
https://data.cityofchicago.org/resource/bynn-gwxy/row-yuur-pcx7~zjv2,Chicago,2933.8,2001-03-01,Michigan/119th,156025,5394.1,5124.0,119
https://data.cityofchicago.org/resource/bynn-gwxy/row-9ngc~hexw_id5n,Chicago,7769.3,2001-04-01,Blue Island/26th,400659,15104.8,11153.2,60
https://data.cityofchicago.org/resource/bynn-gwxy/row-r2wu~7x7x_y29k,Chicago,8935.2,2001-02-01,Madison,551849,23086.4,13594.9,20
https://data.cityofchicago.org/resource/bynn-gwxy/row-vwqb~ezyy_inz5,Chicago,3835.8,2001-03-01,47th,239264,8657.9,6689.2,47
https://data.cityofchicago.org/resource/bynn-gwxy/row-v5cw_vg4b~2ir9,Chicago,462.8,2001-03-01,East 103rd,57722,2358.1,798.5,106
https://data.cityofchicago.org/resource/bynn-gwxy/row-5i8i_vewk.f3i8,Chicago,1586.4,2001-03-01,South Halsted,93228,3286.8,2914.5,8A
https://data.cityofchicago.org/resource/bynn-gwxy/row-rf2w_rkxj-59tc,Chicago,3336.4,2001-02-01,Montrose,223386,9341.3,5803.6,78
https://data.cityofchicago.org/resource/bynn-gwxy/row-hptx~fkp6-mfey,Chicago,3490.7,2001-01-01,47th,220680,8069.8,6422.7,47
https://data.cityofchicago.org/resource/bynn-gwxy/row-vvkc~tiah.3zrx,Chicago,6068.6,2001-04-01,87th,412772,16133.1,10908.4,87
https://data.cityofchicago.org/resource/bynn-gwxy/row-qkai.bkwe-ycsi,Chicago,2024.0,2001-02-01,Wilson/Michigan Express,196929,8682.0,3798.2,145
https://data.cityofchicago.org/resource/bynn-gwxy/row-rs96.gjfz_t8bp,Chicago,274.5,2001-03-01,Northwest Highway,41719,1681.2,726.9,68
https://data.cityofchicago.org/resource/bynn-gwxy/row-3mru~bxcz~igqw,Chicago,2596.9,2001-04-01,West 95th,140800,5229.4,4499.5,95W
https://data.cityofchicago.org/resource/bynn-gwxy/row-z6uj~gfke-5sjg,Chicago,3821.1,2001-04-01,Montrose,240427,9323.1,6384.2,78
https://data.cityofchicago.org/resource/bynn-gwxy/row-g5cj~67qn-mt4n,Chicago,368.7,2001-03-01,43rd,33863,1308.1,722.0,43
https://data.cityofchicago.org/resource/bynn-gwxy/row-izqj.c7ga~qzgv,Chicago,2918.6,2001-03-01,Damen,241049,9353.5,4719.6,50
https://data.cityofchicago.org/resource/bynn-gwxy/row-vid5-kpbm_9aka,Chicago,7917.8,2001-02-01,Jackson Park Express,467758,19337.2,12335.8,6
https://data.cityofchicago.org/resource/bynn-gwxy/row-fsja-euh6-aaht,Chicago,0.0,2001-01-01,Madison/Roosevelt Circulator,5410,245.9,0.0,127
https://data.cityofchicago.org/resource/bynn-gwxy/row-f5d5_yqw2.pgxe,Chicago,0.0,2001-02-01,North Harlem,7673,360.1,117.7,90N
https://data.cityofchicago.org/resource/bynn-gwxy/row-ytxh_amb5.atqc,Chicago,7651.3,2001-03-01,Kimball-Homan,566396,21323.3,13335.5,82
https://data.cityofchicago.org/resource/bynn-gwxy/row-rgkh.gz66.yix5,Chicago,5794.3,2001-04-01,Stony Island,322687,12183.6,9465.0,28
https://data.cityofchicago.org/resource/bynn-gwxy/row-4ccv_864z~gprt,Chicago,855.9,2001-01-01,Cermak Express,8991,0.0,1177.9,X21
https://data.cityofchicago.org/resource/bynn-gwxy/row-4iab.nwgv_5zcd,Chicago,62.6,2001-03-01,U. of Chicago/Kenwood,22245,982.4,76.3,172
https://data.cityofchicago.org/resource/bynn-gwxy/row-4hjz-i4wa-ua49,Chicago,0.0,2001-04-01,West Cermak,9999,476.1,0.0,25
https://data.cityofchicago.org/resource/bynn-gwxy/row-wkky~q4v4~3qvn,Chicago,16717.4,2001-02-01,Ashland,784087,31183.8,23385.3,9
https://data.cityofchicago.org/resource/bynn-gwxy/row-nxt7~m4ia~rxee,Chicago,4781.0,2001-01-01,Cermak,218216,7423.7,7747.2,21
https://data.cityofchicago.org/resource/bynn-gwxy/row-r7qy.nrum-vvf5,Chicago,0.0,2001-04-01,59th/61st,102399,4436.6,2307.4,59
https://data.cityofchicago.org/resource/bynn-gwxy/row-ivnh_iztc.cm4g,Chicago,2795.5,2001-01-01,74th-75th,188676,7081.7,4725.3,75
https://data.cityofchicago.org/resource/bynn-gwxy/row-9j5e~ysyc-2x4e,Chicago,354.8,2001-01-01,43rd,34213,1351.0,679.3,43
https://data.cityofchicago.org/resource/bynn-gwxy/row-zizu.bfbi-df6b,Chicago,0.0,2001-01-01,North Harlem,7412,318.9,98.7,90N
https://data.cityofchicago.org/resource/bynn-gwxy/row-yqx4~nsrs~ahdz,Chicago,935.1,2001-01-01,Vincennes/111th,95661,3874.0,1439.3,112
https://data.cityofchicago.org/resource/bynn-gwxy/row-4hd2.qhek-ice3,Chicago,652.2,2001-01-01,South Chicago,95218,3823.5,1960.2,30
https://data.cityofchicago.org/resource/bynn-gwxy/row-n8sg-ydt2~6g4n,Chicago,0.0,2001-01-01,Wentworth,85655,3893.4,0.0,24
https://data.cityofchicago.org/resource/bynn-gwxy/row-jy2y-rxm8.vryi,Chicago,7612.3,2001-02-01,North,389332,15783.4,10803.7,72
https://data.cityofchicago.org/resource/bynn-gwxy/row-hk2w_ypk3.s45k,Chicago,0.0,2001-02-01,Main/Emerson,10294,514.7,0.0,202
https://data.cityofchicago.org/resource/bynn-gwxy/row-fs8y.tfd5-x9z3,Chicago,0.0,2001-03-01,55th/Narragansett,25869,1138.3,165.4,55N
https://data.cityofchicago.org/resource/bynn-gwxy/row-tug5~wd2b_y76k,Chicago,1167.5,2001-03-01,Peterson,114648,4466.4,2343.3,84
https://data.cityofchicago.org/resource/bynn-gwxy/row-jsws.xj8w_87ji,Chicago,2818.2,2001-02-01,Damen,204453,8839.3,4098.7,50
https://data.cityofchicago.org/resource/bynn-gwxy/row-82s5_7m6z_u78e,Chicago,7177.1,2001-02-01,67th-69th-71st,362682,14717.0,9908.3,67
https://data.cityofchicago.org/resource/bynn-gwxy/row-mpm4~kn4r.imxj,Chicago,12550.0,2001-02-01,Sheridan,600416,24656.8,14270.0,151
