route,error
1,No data found for parameter
2,No data found for parameter
X4,No data found for parameter
6,No data found for parameter
7,No data found for parameter
8A,No data found for parameter
X9,No data found for parameter
11,No data found for parameter
18,No data found for parameter
19,No data found for parameter
24,No data found for parameter
31,No data found for parameter
37,No data found for parameter
39,No data found for parameter
43,No data found for parameter
48,No data found for parameter
X49,No data found for parameter
51,No data found for parameter
54A,No data found for parameter
55A,No data found for parameter
55N,No data found for parameter
57,No data found for parameter
59,No data found for parameter
62H,No data found for parameter
65,No data found for parameter
68,No data found for parameter
75,No data found for parameter
78,No data found for parameter
81W,No data found for parameter
84,No data found for parameter
85A,No data found for parameter
86,No data found for parameter
88,No data found for parameter
96,No data found for parameter
97,No data found for parameter
100,No data found for parameter
106,No data found for parameter
108,No data found for parameter
111A,No data found for parameter
120,No data found for parameter
121,No data found for parameter
124,No data found for parameter
125,No data found for parameter
126,No data found for parameter
134,No data found for parameter
135,No data found for parameter
136,No data found for parameter
143,No data found for parameter
146,No data found for parameter
148,No data found for parameter
155,No data found for parameter
156,No data found for parameter
157,No data found for parameter
165,No data found for parameter
171,No data found for parameter
172,No data found for parameter
192,No data found for parameter
201,No data found for parameter
206,No data found for parameter
